java.npe.BadSetter:17,src/main/java/java/npe/BadSetter.java:17
java.npe.BadSetter:12,src/main/java/java/npe/BadSetter.java:12
java.npe.BranchOrStatement:24,src/main/java/java/npe/BranchOrStatement.java:24
java.npe.BranchOrStatement:24,src/main/java/java/npe/BranchOrStatement.java:24
java.npe.BranchOrStatement:24,src/main/java/java/npe/BranchOrStatement.java:24
java.npe.BranchOrStatement:9,src/main/java/java/npe/BranchOrStatement.java:9
java.npe.BranchOrStatement:17,src/main/java/java/npe/BranchOrStatement.java:17
java.npe.CheckATHROW:16,src/main/java/java/npe/CheckATHROW.java:16
java.npe.CheckATHROW:24,src/main/java/java/npe/CheckATHROW.java:24
java.npe.CheckForNullUses:17,src/main/java/java/npe/CheckForNullUses.java:17
java.npe.CheckForNullUses:13,src/main/java/java/npe/CheckForNullUses.java:13
java.npe.ComparisonWithThis:12,src/main/java/java/npe/ComparisonWithThis.java:12
java.npe.CorrectlyLocalizeWarning:20,src/main/java/java/npe/CorrectlyLocalizeWarning.java:20
java.npe.CoupledNullness:10,src/main/java/java/npe/CoupledNullness.java:10
java.npe.CoupledNullness:30,src/main/java/java/npe/CoupledNullness.java:30
java.npe.CoupledNullness:40,src/main/java/java/npe/CoupledNullness.java:40
java.npe.DoomedNullDereference:18,src/main/java/java/npe/DoomedNullDereference.java:18
java.npe.DoomedNullDereference:26,src/main/java/java/npe/DoomedNullDereference.java:26
java.npe.DoomedNullDereference:10,src/main/java/java/npe/DoomedNullDereference.java:10
java.npe.EclipseNullReferenceTestCases$DoNotReport1$X:122,src/main/java/java/npe/EclipseNullReferenceTestCases.java:122
java.npe.EclipseNullReferenceTestCases$DoNotReport107$X:4151,src/main/java/java/npe/EclipseNullReferenceTestCases.java:4151
java.npe.EclipseNullReferenceTestCases$DoNotReport108$X:4249,src/main/java/java/npe/EclipseNullReferenceTestCases.java:4249
java.npe.EclipseNullReferenceTestCases$DoNotReport117$X:4608,src/main/java/java/npe/EclipseNullReferenceTestCases.java:4608
java.npe.EclipseNullReferenceTestCases$DoNotReport120$X:4651,src/main/java/java/npe/EclipseNullReferenceTestCases.java:4651
java.npe.EclipseNullReferenceTestCases$DoNotReport127$X:5056,src/main/java/java/npe/EclipseNullReferenceTestCases.java:5056
java.npe.EclipseNullReferenceTestCases$DoNotReport128$X:5079,src/main/java/java/npe/EclipseNullReferenceTestCases.java:5079
java.npe.EclipseNullReferenceTestCases$DoNotReport13$X:476,src/main/java/java/npe/EclipseNullReferenceTestCases.java:476
java.npe.EclipseNullReferenceTestCases$DoNotReport141$X:5464,src/main/java/java/npe/EclipseNullReferenceTestCases.java:5464
java.npe.EclipseNullReferenceTestCases$DoNotReport142$X:5727,src/main/java/java/npe/EclipseNullReferenceTestCases.java:5727
java.npe.EclipseNullReferenceTestCases$DoNotReport15$X:557,src/main/java/java/npe/EclipseNullReferenceTestCases.java:557
java.npe.EclipseNullReferenceTestCases$DoNotReport15$X:562,src/main/java/java/npe/EclipseNullReferenceTestCases.java:562
java.npe.EclipseNullReferenceTestCases$DoNotReport18$X:640,src/main/java/java/npe/EclipseNullReferenceTestCases.java:640
java.npe.EclipseNullReferenceTestCases$DoNotReport21$X:806,src/main/java/java/npe/EclipseNullReferenceTestCases.java:806
java.npe.EclipseNullReferenceTestCases$DoNotReport22$X:823,src/main/java/java/npe/EclipseNullReferenceTestCases.java:823
java.npe.EclipseNullReferenceTestCases$DoNotReport36$X:1293,src/main/java/java/npe/EclipseNullReferenceTestCases.java:1293
java.npe.EclipseNullReferenceTestCases$DoNotReport37$X:1319,src/main/java/java/npe/EclipseNullReferenceTestCases.java:1319
java.npe.EclipseNullReferenceTestCases$DoNotReport38$X:1334,src/main/java/java/npe/EclipseNullReferenceTestCases.java:1334
java.npe.EclipseNullReferenceTestCases$DoNotReport38$X:1329,src/main/java/java/npe/EclipseNullReferenceTestCases.java:1329
java.npe.EclipseNullReferenceTestCases$DoNotReport4$X:170,src/main/java/java/npe/EclipseNullReferenceTestCases.java:170
java.npe.EclipseNullReferenceTestCases$DoNotReport41$X:1538,src/main/java/java/npe/EclipseNullReferenceTestCases.java:1538
java.npe.EclipseNullReferenceTestCases$DoNotReport43$X:1676,src/main/java/java/npe/EclipseNullReferenceTestCases.java:1676
java.npe.EclipseNullReferenceTestCases$DoNotReport45$X:1759,src/main/java/java/npe/EclipseNullReferenceTestCases.java:1759
java.npe.EclipseNullReferenceTestCases$DoNotReport49$X:1885,src/main/java/java/npe/EclipseNullReferenceTestCases.java:1885
java.npe.EclipseNullReferenceTestCases$DoNotReport50$X:1938,src/main/java/java/npe/EclipseNullReferenceTestCases.java:1938
java.npe.EclipseNullReferenceTestCases$DoNotReport52$X:2036,src/main/java/java/npe/EclipseNullReferenceTestCases.java:2036
java.npe.EclipseNullReferenceTestCases$DoNotReport54$X:2120,src/main/java/java/npe/EclipseNullReferenceTestCases.java:2120
java.npe.EclipseNullReferenceTestCases$DoNotReport58$X:2222,src/main/java/java/npe/EclipseNullReferenceTestCases.java:2222
java.npe.EclipseNullReferenceTestCases$DoNotReport59$X:2241,src/main/java/java/npe/EclipseNullReferenceTestCases.java:2241
java.npe.EclipseNullReferenceTestCases$DoNotReport6$X:230,src/main/java/java/npe/EclipseNullReferenceTestCases.java:230
java.npe.EclipseNullReferenceTestCases$DoNotReport6$X:228,src/main/java/java/npe/EclipseNullReferenceTestCases.java:228
java.npe.EclipseNullReferenceTestCases$DoNotReport60$X:2259,src/main/java/java/npe/EclipseNullReferenceTestCases.java:2259
java.npe.EclipseNullReferenceTestCases$DoNotReport62$X:2366,src/main/java/java/npe/EclipseNullReferenceTestCases.java:2366
java.npe.EclipseNullReferenceTestCases$DoNotReport63$X:2388,src/main/java/java/npe/EclipseNullReferenceTestCases.java:2388
java.npe.EclipseNullReferenceTestCases$DoNotReport64$X:2436,src/main/java/java/npe/EclipseNullReferenceTestCases.java:2436
java.npe.EclipseNullReferenceTestCases$DoNotReport65$X:2485,src/main/java/java/npe/EclipseNullReferenceTestCases.java:2485
java.npe.EclipseNullReferenceTestCases$DoNotReport66$X:2567,src/main/java/java/npe/EclipseNullReferenceTestCases.java:2567
java.npe.EclipseNullReferenceTestCases$DoNotReport68$X:2615,src/main/java/java/npe/EclipseNullReferenceTestCases.java:2615
java.npe.EclipseNullReferenceTestCases$DoNotReport7$X:244,src/main/java/java/npe/EclipseNullReferenceTestCases.java:244
java.npe.EclipseNullReferenceTestCases$DoNotReport70$X:2692,src/main/java/java/npe/EclipseNullReferenceTestCases.java:2692
java.npe.EclipseNullReferenceTestCases$DoNotReport84$X:3436,src/main/java/java/npe/EclipseNullReferenceTestCases.java:3436
java.npe.EclipseNullReferenceTestCases$DoNotReport88$X:3587,src/main/java/java/npe/EclipseNullReferenceTestCases.java:3587
java.npe.EclipseNullReferenceTestCases$DoNotReport91$X:3705,src/main/java/java/npe/EclipseNullReferenceTestCases.java:3705
java.npe.EclipseNullReferenceTestCases$DoNotReport92$X:3717,src/main/java/java/npe/EclipseNullReferenceTestCases.java:3717
java.npe.EclipseNullReferenceTestCases$DoNotReport94$X:3829,src/main/java/java/npe/EclipseNullReferenceTestCases.java:3829
java.npe.EclipseNullReferenceTestCases$DoNotReport95$X:3856,src/main/java/java/npe/EclipseNullReferenceTestCases.java:3856
java.npe.EclipseNullReferenceTestCases$DoNotReport96$X:3883,src/main/java/java/npe/EclipseNullReferenceTestCases.java:3883
java.npe.EclipseNullReferenceTestCases$DoNotReport97$X:3904,src/main/java/java/npe/EclipseNullReferenceTestCases.java:3904
java.npe.EclipseNullReferenceTestCases$Report1$X:26,src/main/java/java/npe/EclipseNullReferenceTestCases.java:26
java.npe.EclipseNullReferenceTestCases$Report10$X:216,src/main/java/java/npe/EclipseNullReferenceTestCases.java:216
java.npe.EclipseNullReferenceTestCases$Report100$X:2469,src/main/java/java/npe/EclipseNullReferenceTestCases.java:2469
java.npe.EclipseNullReferenceTestCases$Report101$X:2499,src/main/java/java/npe/EclipseNullReferenceTestCases.java:2499
java.npe.EclipseNullReferenceTestCases$Report102$X:2515,src/main/java/java/npe/EclipseNullReferenceTestCases.java:2515
java.npe.EclipseNullReferenceTestCases$Report104$X:2547,src/main/java/java/npe/EclipseNullReferenceTestCases.java:2547
java.npe.EclipseNullReferenceTestCases$Report105$X:2583,src/main/java/java/npe/EclipseNullReferenceTestCases.java:2583
java.npe.EclipseNullReferenceTestCases$Report106$X:2630,src/main/java/java/npe/EclipseNullReferenceTestCases.java:2630
java.npe.EclipseNullReferenceTestCases$Report11$X$Y:258,src/main/java/java/npe/EclipseNullReferenceTestCases.java:258
java.npe.EclipseNullReferenceTestCases$Report111$X:2735,src/main/java/java/npe/EclipseNullReferenceTestCases.java:2735
java.npe.EclipseNullReferenceTestCases$Report112$X:2753,src/main/java/java/npe/EclipseNullReferenceTestCases.java:2753
java.npe.EclipseNullReferenceTestCases$Report113$X:2812,src/main/java/java/npe/EclipseNullReferenceTestCases.java:2812
java.npe.EclipseNullReferenceTestCases$Report114$X:2977,src/main/java/java/npe/EclipseNullReferenceTestCases.java:2977
java.npe.EclipseNullReferenceTestCases$Report115$X:3069,src/main/java/java/npe/EclipseNullReferenceTestCases.java:3069
java.npe.EclipseNullReferenceTestCases$Report116$X:3113,src/main/java/java/npe/EclipseNullReferenceTestCases.java:3113
java.npe.EclipseNullReferenceTestCases$Report117$X:3158,src/main/java/java/npe/EclipseNullReferenceTestCases.java:3158
java.npe.EclipseNullReferenceTestCases$Report118$X:3178,src/main/java/java/npe/EclipseNullReferenceTestCases.java:3178
java.npe.EclipseNullReferenceTestCases$Report119$X:3202,src/main/java/java/npe/EclipseNullReferenceTestCases.java:3202
java.npe.EclipseNullReferenceTestCases$Report12$X:272,src/main/java/java/npe/EclipseNullReferenceTestCases.java:272
java.npe.EclipseNullReferenceTestCases$Report120$X:3223,src/main/java/java/npe/EclipseNullReferenceTestCases.java:3223
java.npe.EclipseNullReferenceTestCases$Report121$X:3247,src/main/java/java/npe/EclipseNullReferenceTestCases.java:3247
java.npe.EclipseNullReferenceTestCases$Report122$X:3283,src/main/java/java/npe/EclipseNullReferenceTestCases.java:3283
java.npe.EclipseNullReferenceTestCases$Report123$X:3299,src/main/java/java/npe/EclipseNullReferenceTestCases.java:3299
java.npe.EclipseNullReferenceTestCases$Report124$X:3318,src/main/java/java/npe/EclipseNullReferenceTestCases.java:3318
java.npe.EclipseNullReferenceTestCases$Report126$X:3359,src/main/java/java/npe/EclipseNullReferenceTestCases.java:3359
java.npe.EclipseNullReferenceTestCases$Report130$X:3449,src/main/java/java/npe/EclipseNullReferenceTestCases.java:3449
java.npe.EclipseNullReferenceTestCases$Report131$X:3482,src/main/java/java/npe/EclipseNullReferenceTestCases.java:3482
java.npe.EclipseNullReferenceTestCases$Report134$X:3560,src/main/java/java/npe/EclipseNullReferenceTestCases.java:3560
java.npe.EclipseNullReferenceTestCases$Report136$X:3616,src/main/java/java/npe/EclipseNullReferenceTestCases.java:3616
java.npe.EclipseNullReferenceTestCases$Report136$X:3616,src/main/java/java/npe/EclipseNullReferenceTestCases.java:3616
java.npe.EclipseNullReferenceTestCases$Report137$X:3640,src/main/java/java/npe/EclipseNullReferenceTestCases.java:3640
java.npe.EclipseNullReferenceTestCases$Report137$X:3640,src/main/java/java/npe/EclipseNullReferenceTestCases.java:3640
java.npe.EclipseNullReferenceTestCases$Report139$X:3667,src/main/java/java/npe/EclipseNullReferenceTestCases.java:3667
java.npe.EclipseNullReferenceTestCases$Report14$X:304,src/main/java/java/npe/EclipseNullReferenceTestCases.java:304
java.npe.EclipseNullReferenceTestCases$Report140$X:3679,src/main/java/java/npe/EclipseNullReferenceTestCases.java:3679
java.npe.EclipseNullReferenceTestCases$Report140$X:3681,src/main/java/java/npe/EclipseNullReferenceTestCases.java:3681
java.npe.EclipseNullReferenceTestCases$Report141$X:3691,src/main/java/java/npe/EclipseNullReferenceTestCases.java:3691
java.npe.EclipseNullReferenceTestCases$Report141$X:3693,src/main/java/java/npe/EclipseNullReferenceTestCases.java:3693
java.npe.EclipseNullReferenceTestCases$Report143$X:3745,src/main/java/java/npe/EclipseNullReferenceTestCases.java:3745
java.npe.EclipseNullReferenceTestCases$Report145$X:3772,src/main/java/java/npe/EclipseNullReferenceTestCases.java:3772
java.npe.EclipseNullReferenceTestCases$Report146$X:3814,src/main/java/java/npe/EclipseNullReferenceTestCases.java:3814
java.npe.EclipseNullReferenceTestCases$Report147$X:3847,src/main/java/java/npe/EclipseNullReferenceTestCases.java:3847
java.npe.EclipseNullReferenceTestCases$Report149$X:3984,src/main/java/java/npe/EclipseNullReferenceTestCases.java:3984
java.npe.EclipseNullReferenceTestCases$Report150$X:4001,src/main/java/java/npe/EclipseNullReferenceTestCases.java:4001
java.npe.EclipseNullReferenceTestCases$Report151$X:4106,src/main/java/java/npe/EclipseNullReferenceTestCases.java:4106
java.npe.EclipseNullReferenceTestCases$Report152$X:4172,src/main/java/java/npe/EclipseNullReferenceTestCases.java:4172
java.npe.EclipseNullReferenceTestCases$Report153$X:4186,src/main/java/java/npe/EclipseNullReferenceTestCases.java:4186
java.npe.EclipseNullReferenceTestCases$Report154$X:4205,src/main/java/java/npe/EclipseNullReferenceTestCases.java:4205
java.npe.EclipseNullReferenceTestCases$Report155$X:4231,src/main/java/java/npe/EclipseNullReferenceTestCases.java:4231
java.npe.EclipseNullReferenceTestCases$Report156$X:4331,src/main/java/java/npe/EclipseNullReferenceTestCases.java:4331
java.npe.EclipseNullReferenceTestCases$Report156$X:4335,src/main/java/java/npe/EclipseNullReferenceTestCases.java:4335
java.npe.EclipseNullReferenceTestCases$Report156$X:4339,src/main/java/java/npe/EclipseNullReferenceTestCases.java:4339
java.npe.EclipseNullReferenceTestCases$Report156$X:4343,src/main/java/java/npe/EclipseNullReferenceTestCases.java:4343
java.npe.EclipseNullReferenceTestCases$Report156$X:4347,src/main/java/java/npe/EclipseNullReferenceTestCases.java:4347
java.npe.EclipseNullReferenceTestCases$Report156$X:4351,src/main/java/java/npe/EclipseNullReferenceTestCases.java:4351
java.npe.EclipseNullReferenceTestCases$Report159$X:4396,src/main/java/java/npe/EclipseNullReferenceTestCases.java:4396
java.npe.EclipseNullReferenceTestCases$Report159$X:4396,src/main/java/java/npe/EclipseNullReferenceTestCases.java:4396
java.npe.EclipseNullReferenceTestCases$Report160$X:4407,src/main/java/java/npe/EclipseNullReferenceTestCases.java:4407
java.npe.EclipseNullReferenceTestCases$Report161$X:4421,src/main/java/java/npe/EclipseNullReferenceTestCases.java:4421
java.npe.EclipseNullReferenceTestCases$Report169$X:4539,src/main/java/java/npe/EclipseNullReferenceTestCases.java:4539
java.npe.EclipseNullReferenceTestCases$Report17$X:404,src/main/java/java/npe/EclipseNullReferenceTestCases.java:404
java.npe.EclipseNullReferenceTestCases$Report170$X:4588,src/main/java/java/npe/EclipseNullReferenceTestCases.java:4588
java.npe.EclipseNullReferenceTestCases$Report170$X:4584,src/main/java/java/npe/EclipseNullReferenceTestCases.java:4584
java.npe.EclipseNullReferenceTestCases$Report170$X:4589,src/main/java/java/npe/EclipseNullReferenceTestCases.java:4589
java.npe.EclipseNullReferenceTestCases$Report170$X:4593,src/main/java/java/npe/EclipseNullReferenceTestCases.java:4593
java.npe.EclipseNullReferenceTestCases$Report171$X:4687,src/main/java/java/npe/EclipseNullReferenceTestCases.java:4687
java.npe.EclipseNullReferenceTestCases$Report172$X:4736,src/main/java/java/npe/EclipseNullReferenceTestCases.java:4736
java.npe.EclipseNullReferenceTestCases$Report175$X:4785,src/main/java/java/npe/EclipseNullReferenceTestCases.java:4785
java.npe.EclipseNullReferenceTestCases$Report176$X:4820,src/main/java/java/npe/EclipseNullReferenceTestCases.java:4820
java.npe.EclipseNullReferenceTestCases$Report177$X:4834,src/main/java/java/npe/EclipseNullReferenceTestCases.java:4834
java.npe.EclipseNullReferenceTestCases$Report177$X:4834,src/main/java/java/npe/EclipseNullReferenceTestCases.java:4834
java.npe.EclipseNullReferenceTestCases$Report177$X:4837,src/main/java/java/npe/EclipseNullReferenceTestCases.java:4837
java.npe.EclipseNullReferenceTestCases$Report179$X:4968,src/main/java/java/npe/EclipseNullReferenceTestCases.java:4968
java.npe.EclipseNullReferenceTestCases$Report18$X:415,src/main/java/java/npe/EclipseNullReferenceTestCases.java:415
java.npe.EclipseNullReferenceTestCases$Report181$X:5015,src/main/java/java/npe/EclipseNullReferenceTestCases.java:5015
java.npe.EclipseNullReferenceTestCases$Report184$X:5158,src/main/java/java/npe/EclipseNullReferenceTestCases.java:5158
java.npe.EclipseNullReferenceTestCases$Report186$X:5211,src/main/java/java/npe/EclipseNullReferenceTestCases.java:5211
java.npe.EclipseNullReferenceTestCases$Report186$X:5214,src/main/java/java/npe/EclipseNullReferenceTestCases.java:5214
java.npe.EclipseNullReferenceTestCases$Report187$X:5324,src/main/java/java/npe/EclipseNullReferenceTestCases.java:5324
java.npe.EclipseNullReferenceTestCases$Report19$X:426,src/main/java/java/npe/EclipseNullReferenceTestCases.java:426
java.npe.EclipseNullReferenceTestCases$Report191$X:5526,src/main/java/java/npe/EclipseNullReferenceTestCases.java:5526
java.npe.EclipseNullReferenceTestCases$Report192$X:5549,src/main/java/java/npe/EclipseNullReferenceTestCases.java:5549
java.npe.EclipseNullReferenceTestCases$Report2$X:39,src/main/java/java/npe/EclipseNullReferenceTestCases.java:39
java.npe.EclipseNullReferenceTestCases$Report20$X:448,src/main/java/java/npe/EclipseNullReferenceTestCases.java:448
java.npe.EclipseNullReferenceTestCases$Report21$X:461,src/main/java/java/npe/EclipseNullReferenceTestCases.java:461
java.npe.EclipseNullReferenceTestCases$Report22$X:490,src/main/java/java/npe/EclipseNullReferenceTestCases.java:490
java.npe.EclipseNullReferenceTestCases$Report23$X:500,src/main/java/java/npe/EclipseNullReferenceTestCases.java:500
java.npe.EclipseNullReferenceTestCases$Report24$X:511,src/main/java/java/npe/EclipseNullReferenceTestCases.java:511
java.npe.EclipseNullReferenceTestCases$Report24$X:513,src/main/java/java/npe/EclipseNullReferenceTestCases.java:513
java.npe.EclipseNullReferenceTestCases$Report26$X:536,src/main/java/java/npe/EclipseNullReferenceTestCases.java:536
java.npe.EclipseNullReferenceTestCases$Report27$X:572,src/main/java/java/npe/EclipseNullReferenceTestCases.java:572
java.npe.EclipseNullReferenceTestCases$Report3$X:50,src/main/java/java/npe/EclipseNullReferenceTestCases.java:50
java.npe.EclipseNullReferenceTestCases$Report30$X:657,src/main/java/java/npe/EclipseNullReferenceTestCases.java:657
java.npe.EclipseNullReferenceTestCases$Report31$X:682,src/main/java/java/npe/EclipseNullReferenceTestCases.java:682
java.npe.EclipseNullReferenceTestCases$Report36$X:755,src/main/java/java/npe/EclipseNullReferenceTestCases.java:755
java.npe.EclipseNullReferenceTestCases$Report36$X:760,src/main/java/java/npe/EclipseNullReferenceTestCases.java:760
java.npe.EclipseNullReferenceTestCases$Report37$X:768,src/main/java/java/npe/EclipseNullReferenceTestCases.java:768
java.npe.EclipseNullReferenceTestCases$Report37$X:768,src/main/java/java/npe/EclipseNullReferenceTestCases.java:768
java.npe.EclipseNullReferenceTestCases$Report37$X:773,src/main/java/java/npe/EclipseNullReferenceTestCases.java:773
java.npe.EclipseNullReferenceTestCases$Report38$X:781,src/main/java/java/npe/EclipseNullReferenceTestCases.java:781
java.npe.EclipseNullReferenceTestCases$Report4$X:61,src/main/java/java/npe/EclipseNullReferenceTestCases.java:61
java.npe.EclipseNullReferenceTestCases$Report40$X:834,src/main/java/java/npe/EclipseNullReferenceTestCases.java:834
java.npe.EclipseNullReferenceTestCases$Report44$X:999,src/main/java/java/npe/EclipseNullReferenceTestCases.java:999
java.npe.EclipseNullReferenceTestCases$Report48$X:1050,src/main/java/java/npe/EclipseNullReferenceTestCases.java:1050
java.npe.EclipseNullReferenceTestCases$Report48$X:1050,src/main/java/java/npe/EclipseNullReferenceTestCases.java:1050
java.npe.EclipseNullReferenceTestCases$Report50$X:1079,src/main/java/java/npe/EclipseNullReferenceTestCases.java:1079
java.npe.EclipseNullReferenceTestCases$Report51$X:1108,src/main/java/java/npe/EclipseNullReferenceTestCases.java:1108
java.npe.EclipseNullReferenceTestCases$Report53$X:1145,src/main/java/java/npe/EclipseNullReferenceTestCases.java:1145
java.npe.EclipseNullReferenceTestCases$Report55$X:1187,src/main/java/java/npe/EclipseNullReferenceTestCases.java:1187
java.npe.EclipseNullReferenceTestCases$Report57$X:1211,src/main/java/java/npe/EclipseNullReferenceTestCases.java:1211
java.npe.EclipseNullReferenceTestCases$Report58$X:1224,src/main/java/java/npe/EclipseNullReferenceTestCases.java:1224
java.npe.EclipseNullReferenceTestCases$Report61$X:1362,src/main/java/java/npe/EclipseNullReferenceTestCases.java:1362
java.npe.EclipseNullReferenceTestCases$Report61$X:1355,src/main/java/java/npe/EclipseNullReferenceTestCases.java:1355
java.npe.EclipseNullReferenceTestCases$Report61$X:1350,src/main/java/java/npe/EclipseNullReferenceTestCases.java:1350
java.npe.EclipseNullReferenceTestCases$Report62$X:1375,src/main/java/java/npe/EclipseNullReferenceTestCases.java:1375
java.npe.EclipseNullReferenceTestCases$Report63$X:1390,src/main/java/java/npe/EclipseNullReferenceTestCases.java:1390
java.npe.EclipseNullReferenceTestCases$Report64$X:1405,src/main/java/java/npe/EclipseNullReferenceTestCases.java:1405
java.npe.EclipseNullReferenceTestCases$Report66$X:1462,src/main/java/java/npe/EclipseNullReferenceTestCases.java:1462
java.npe.EclipseNullReferenceTestCases$Report7$X:97,src/main/java/java/npe/EclipseNullReferenceTestCases.java:97
java.npe.EclipseNullReferenceTestCases$Report72$X:1606,src/main/java/java/npe/EclipseNullReferenceTestCases.java:1606
java.npe.EclipseNullReferenceTestCases$Report75$X:1649,src/main/java/java/npe/EclipseNullReferenceTestCases.java:1649
java.npe.EclipseNullReferenceTestCases$Report77$X:1705,src/main/java/java/npe/EclipseNullReferenceTestCases.java:1705
java.npe.EclipseNullReferenceTestCases$Report77$X:1705,src/main/java/java/npe/EclipseNullReferenceTestCases.java:1705
java.npe.EclipseNullReferenceTestCases$Report78$X:1722,src/main/java/java/npe/EclipseNullReferenceTestCases.java:1722
java.npe.EclipseNullReferenceTestCases$Report79$X:1735,src/main/java/java/npe/EclipseNullReferenceTestCases.java:1735
java.npe.EclipseNullReferenceTestCases$Report8$X:110,src/main/java/java/npe/EclipseNullReferenceTestCases.java:110
java.npe.EclipseNullReferenceTestCases$Report84$X:1915,src/main/java/java/npe/EclipseNullReferenceTestCases.java:1915
java.npe.EclipseNullReferenceTestCases$Report86$X:1970,src/main/java/java/npe/EclipseNullReferenceTestCases.java:1970
java.npe.EclipseNullReferenceTestCases$Report87$X:2002,src/main/java/java/npe/EclipseNullReferenceTestCases.java:2002
java.npe.EclipseNullReferenceTestCases$Report88$X:2019,src/main/java/java/npe/EclipseNullReferenceTestCases.java:2019
java.npe.EclipseNullReferenceTestCases$Report9$X:203,src/main/java/java/npe/EclipseNullReferenceTestCases.java:203
java.npe.EclipseNullReferenceTestCases$Report92$X:2197,src/main/java/java/npe/EclipseNullReferenceTestCases.java:2197
java.npe.EclipseNullReferenceTestCases$Report95$X:2314,src/main/java/java/npe/EclipseNullReferenceTestCases.java:2314
java.npe.EclipseNullReferenceTestCases$Report96$X:2331,src/main/java/java/npe/EclipseNullReferenceTestCases.java:2331
java.npe.EclipseNullReferenceTestCases$Report97$X:2345,src/main/java/java/npe/EclipseNullReferenceTestCases.java:2345
java.npe.EclipseNullReferenceTestCases$Report98$X:2410,src/main/java/java/npe/EclipseNullReferenceTestCases.java:2410
java.npe.EclipseNullReferenceTestCases$Report99$X:2423,src/main/java/java/npe/EclipseNullReferenceTestCases.java:2423
java.npe.EclipseNullReferenceTestCases$ReportAnyway110$X:4273,src/main/java/java/npe/EclipseNullReferenceTestCases.java:4273
java.npe.EclipseNullReferenceTestCases$ReportAnyway110$X:4279,src/main/java/java/npe/EclipseNullReferenceTestCases.java:4279
java.npe.EclipseNullReferenceTestCases$ReportAnyway110$X:4285,src/main/java/java/npe/EclipseNullReferenceTestCases.java:4285
java.npe.EclipseNullReferenceTestCases$ReportAnyway110$X:4290,src/main/java/java/npe/EclipseNullReferenceTestCases.java:4290
java.npe.EclipseNullReferenceTestCases$ReportAnyway111$X:4303,src/main/java/java/npe/EclipseNullReferenceTestCases.java:4303
java.npe.EclipseNullReferenceTestCases$ReportAnyway111$X:4307,src/main/java/java/npe/EclipseNullReferenceTestCases.java:4307
java.npe.EclipseNullReferenceTestCases$ReportAnyway111$X:4313,src/main/java/java/npe/EclipseNullReferenceTestCases.java:4313
java.npe.EclipseNullReferenceTestCases$ReportAnyway111$X:4318,src/main/java/java/npe/EclipseNullReferenceTestCases.java:4318
java.npe.EclipseNullReferenceTestCases$ReportAnyway114$X:4549,src/main/java/java/npe/EclipseNullReferenceTestCases.java:4549
java.npe.EclipseNullReferenceTestCases$ReportAnyway115$X:4559,src/main/java/java/npe/EclipseNullReferenceTestCases.java:4559
java.npe.EclipseNullReferenceTestCases$ReportAnyway47$X:1809,src/main/java/java/npe/EclipseNullReferenceTestCases.java:1809
java.npe.EclipseNullReferenceTestCases$ReportAnyway47$X:1818,src/main/java/java/npe/EclipseNullReferenceTestCases.java:1818
java.npe.ErrorInFinallyClause:25,src/main/java/java/npe/ErrorInFinallyClause.java:25
java.npe.ErrorInFinallyClause:27,src/main/java/java/npe/ErrorInFinallyClause.java:27
java.npe.FieldDereference:15,src/main/java/java/npe/FieldDereference.java:15
java.npe.FieldDereference:22,src/main/java/java/npe/FieldDereference.java:22
java.npe.GuaranteedDerefInterproc:40,src/main/java/java/npe/GuaranteedDerefInterproc.java:40
java.npe.GuaranteedDereference:66,src/main/java/java/npe/GuaranteedDereference.java:66
java.npe.GuaranteedDereference:74,src/main/java/java/npe/GuaranteedDereference.java:74
java.npe.GuaranteedDereference:22,src/main/java/java/npe/GuaranteedDereference.java:22
java.npe.GuaranteedDereference:38,src/main/java/java/npe/GuaranteedDereference.java:38
java.npe.GuaranteedDereference:159,src/main/java/java/npe/GuaranteedDereference.java:159
java.npe.GuaranteedDereference:11,src/main/java/java/npe/GuaranteedDereference.java:11
java.npe.GuaranteedDereference:42,src/main/java/java/npe/GuaranteedDereference.java:42
java.npe.GuaranteedDereference:42,src/main/java/java/npe/GuaranteedDereference.java:42
java.npe.GuaranteedDereference:81,src/main/java/java/npe/GuaranteedDereference.java:81
java.npe.GuaranteedDereference2:14,src/main/java/java/npe/GuaranteedDereference2.java:14
java.npe.GuaranteedDereference2:27,src/main/java/java/npe/GuaranteedDereference2.java:27
java.npe.GuaranteedDereference2:18,src/main/java/java/npe/GuaranteedDereference2.java:18
java.npe.GuaranteedDereference2:31,src/main/java/java/npe/GuaranteedDereference2.java:31
java.npe.GuaranteedDereferenceInteractionWithAssertionMethods:46,src/main/java/java/npe/GuaranteedDereferenceInteractionWithAssertionMethods.java:46
java.npe.GuaranteedDereferenceInteractionWithAssertionMethods:55,src/main/java/java/npe/GuaranteedDereferenceInteractionWithAssertionMethods.java:55
java.npe.GuaranteedDereferenceLocationReporting:25,src/main/java/java/npe/GuaranteedDereferenceLocationReporting.java:25
java.npe.GuaranteedDereferenceLocationReporting:44,src/main/java/java/npe/GuaranteedDereferenceLocationReporting.java:44
java.npe.GuaranteedDereferencesShouldBeReducedByPostDominatorAnalysis:16,src/main/java/java/npe/GuaranteedDereferencesShouldBeReducedByPostDominatorAnalysis.java:16
java.npe.GuaranteedFieldDereference:79,src/main/java/java/npe/GuaranteedFieldDereference.java:79
java.npe.GuaranteedFieldDereference:87,src/main/java/java/npe/GuaranteedFieldDereference.java:87
java.npe.GuaranteedFieldDereference:35,src/main/java/java/npe/GuaranteedFieldDereference.java:35
java.npe.GuaranteedFieldDereference:51,src/main/java/java/npe/GuaranteedFieldDereference.java:51
java.npe.GuaranteedFieldDereference:14,src/main/java/java/npe/GuaranteedFieldDereference.java:14
java.npe.GuaranteedFieldDereference:172,src/main/java/java/npe/GuaranteedFieldDereference.java:172
java.npe.GuaranteedFieldDereference:24,src/main/java/java/npe/GuaranteedFieldDereference.java:24
java.npe.GuaranteedFieldDereference:55,src/main/java/java/npe/GuaranteedFieldDereference.java:55
java.npe.GuaranteedFieldDereference:55,src/main/java/java/npe/GuaranteedFieldDereference.java:55
java.npe.GuaranteedFieldDereference:94,src/main/java/java/npe/GuaranteedFieldDereference.java:94
java.npe.GuaranteedFieldDereference2:24,src/main/java/java/npe/GuaranteedFieldDereference2.java:24
java.npe.GuaranteedFieldDereference3:12,src/main/java/java/npe/GuaranteedFieldDereference3.java:12
java.npe.GuaranteedFieldDereference4:17,src/main/java/java/npe/GuaranteedFieldDereference4.java:17
java.npe.GuaranteedFieldDereference4:14,src/main/java/java/npe/GuaranteedFieldDereference4.java:14
java.npe.GuaranteedFieldDereference4$Node:-1,src/main/java/java/npe/GuaranteedFieldDereference4.java:-1
java.npe.GuaranteedUseRequiringNonNullValue:41,src/main/java/java/npe/GuaranteedUseRequiringNonNullValue.java:41
java.npe.GuaranteedUseRequiringNonNullValue:17,src/main/java/java/npe/GuaranteedUseRequiringNonNullValue.java:17
java.npe.GuaranteedUseRequiringNonNullValue:50,src/main/java/java/npe/GuaranteedUseRequiringNonNullValue.java:50
java.npe.GuaranteedUseRequiringNonNullValue:60,src/main/java/java/npe/GuaranteedUseRequiringNonNullValue.java:60
java.npe.GuaranteedUseRequiringNonNullValue:33,src/main/java/java/npe/GuaranteedUseRequiringNonNullValue.java:33
java.npe.GuaranteedUseRequiringNonNullValue:24,src/main/java/java/npe/GuaranteedUseRequiringNonNullValue.java:24
java.npe.HandleAssert:8,src/main/java/java/npe/HandleAssert.java:8
java.npe.IdentifyCorrectBranchPlease:12,src/main/java/java/npe/IdentifyCorrectBranchPlease.java:12
java.npe.IdentifyCorrectBranchPlease:24,src/main/java/java/npe/IdentifyCorrectBranchPlease.java:24
java.npe.IgnoreBranchesWhereValueIsKnownNonNull:12,src/main/java/java/npe/IgnoreBranchesWhereValueIsKnownNonNull.java:12
java.npe.InSwitchStatement:20,src/main/java/java/npe/InSwitchStatement.java:20
java.npe.InstanceOf:42,src/main/java/java/npe/InstanceOf.java:42
java.npe.InstanceOf:44,src/main/java/java/npe/InstanceOf.java:44
java.npe.InstanceOf:41,src/main/java/java/npe/InstanceOf.java:41
java.npe.InstanceOf:19,src/main/java/java/npe/InstanceOf.java:19
java.npe.InstanceOf:15,src/main/java/java/npe/InstanceOf.java:15
java.npe.InstanceOf:33,src/main/java/java/npe/InstanceOf.java:33
java.npe.InstanceOf:13,src/main/java/java/npe/InstanceOf.java:13
java.npe.InstanceOfInteraction:12,src/main/java/java/npe/InstanceOfInteraction.java:12
java.npe.InterfaceAddress:32,src/main/java/java/npe/InterfaceAddress.java:32
java.npe.InterfaceAddress:34,src/main/java/java/npe/InterfaceAddress.java:34
java.npe.InterfaceAddress2:32,src/main/java/java/npe/InterfaceAddress2.java:32
java.npe.InterfaceAddress2:34,src/main/java/java/npe/InterfaceAddress2.java:34
java.npe.InterproceduralAnalysisOfNonnullReturnValues:11,src/main/java/java/npe/InterproceduralAnalysisOfNonnullReturnValues.java:11
java.npe.InterproceduralMethodOrdering:10,src/main/java/java/npe/InterproceduralMethodOrdering.java:10
java.npe.InterproceduralMethodOrdering:17,src/main/java/java/npe/InterproceduralMethodOrdering.java:17
java.npe.InterproceduralMethodOrdering:5,src/main/java/java/npe/InterproceduralMethodOrdering.java:5
java.npe.InterproceduralMethodOrdering:10,src/main/java/java/npe/InterproceduralMethodOrdering.java:10
java.npe.JXPathMetaModuleExample:58,src/main/java/java/npe/JXPathMetaModuleExample.java:58
java.npe.JXPathMetaModuleExample:23,src/main/java/java/npe/JXPathMetaModuleExample.java:23
java.npe.NP:16,src/main/java/java/npe/NP.java:16
java.npe.NP:20,src/main/java/java/npe/NP.java:20
java.npe.NP:16,src/main/java/java/npe/NP.java:16
java.npe.NP:16,src/main/java/java/npe/NP.java:16
java.npe.NP:19,src/main/java/java/npe/NP.java:19
java.npe.NonNullParamDeref:23,src/main/java/java/npe/NonNullParamDeref.java:23
java.npe.NonNullParamDeref:33,src/main/java/java/npe/NonNullParamDeref.java:33
java.npe.NonNullParamDeref:-1,src/main/java/java/npe/NonNullParamDeref.java:-1
java.npe.NullDeref:25,src/main/java/java/npe/NullDeref.java:25
java.npe.NullDeref:34,src/main/java/java/npe/NullDeref.java:34
java.npe.NullDeref:53,src/main/java/java/npe/NullDeref.java:53
java.npe.NullDeref:8,src/main/java/java/npe/NullDeref.java:8
java.npe.NullDeref:18,src/main/java/java/npe/NullDeref.java:18
java.npe.NullDeref:16,src/main/java/java/npe/NullDeref.java:16
java.npe.NullDeref:16,src/main/java/java/npe/NullDeref.java:16
java.npe.NullDeref11:6,src/main/java/java/npe/NullDeref11.java:6
java.npe.NullDeref2:12,src/main/java/java/npe/NullDeref2.java:12
java.npe.NullDeref2:12,src/main/java/java/npe/NullDeref2.java:12
java.npe.NullDeref2:39,src/main/java/java/npe/NullDeref2.java:39
java.npe.NullDeref2:26,src/main/java/java/npe/NullDeref2.java:26
java.npe.NullDeref3:24,src/main/java/java/npe/NullDeref3.java:24
java.npe.NullDeref3:33,src/main/java/java/npe/NullDeref3.java:33
java.npe.NullDeref3:16,src/main/java/java/npe/NullDeref3.java:16
java.npe.NullDeref5:8,src/main/java/java/npe/NullDeref5.java:8
java.npe.NullDeref5:7,src/main/java/java/npe/NullDeref5.java:7
java.npe.NullDeref6:33,src/main/java/java/npe/NullDeref6.java:33
java.npe.NullDeref6:29,src/main/java/java/npe/NullDeref6.java:29
java.npe.NullDeref6:18,src/main/java/java/npe/NullDeref6.java:18
java.npe.NullDeref7:22,src/main/java/java/npe/NullDeref7.java:22
java.npe.NullDeref8:12,src/main/java/java/npe/NullDeref8.java:12
java.npe.NullPointerCategories:10,src/main/java/java/npe/NullPointerCategories.java:10
java.npe.NullPointerCategories:33,src/main/java/java/npe/NullPointerCategories.java:33
java.npe.NullPointerCategories:17,src/main/java/java/npe/NullPointerCategories.java:17
java.npe.NullPointerCategories:42,src/main/java/java/npe/NullPointerCategories.java:42
java.npe.NullPointerCategories:24,src/main/java/java/npe/NullPointerCategories.java:24
java.npe.NullPointerCategories:68,src/main/java/java/npe/NullPointerCategories.java:68
java.npe.NullPointerCategories:55,src/main/java/java/npe/NullPointerCategories.java:55
java.npe.NullPointerLattice:11,src/main/java/java/npe/NullPointerLattice.java:11
java.npe.NutchBug:21,src/main/java/java/npe/NutchBug.java:21
java.npe.ParameterNumberingTest:10,src/main/java/java/npe/ParameterNumberingTest.java:10
java.npe.ReadLineTest:10,src/main/java/java/npe/ReadLineTest.java:10
java.npe.ReadLineTest:13,src/main/java/java/npe/ReadLineTest.java:13
java.npe.ReadLineTest:18,src/main/java/java/npe/ReadLineTest.java:18
java.npe.SecondKaboom:20,src/main/java/java/npe/SecondKaboom.java:20
java.npe.SecondKaboom:18,src/main/java/java/npe/SecondKaboom.java:18
java.npe.ShortCirtcuitEvaluation:6,src/main/java/java/npe/ShortCirtcuitEvaluation.java:6
java.npe.SinksRequiringNonNull:5,src/main/java/java/npe/SinksRequiringNonNull.java:5
java.npe.SinksRequiringNonNull:35,src/main/java/java/npe/SinksRequiringNonNull.java:35
java.npe.TrackFields:12,src/main/java/java/npe/TrackFields.java:12
java.npe.TrackFields:19,src/main/java/java/npe/TrackFields.java:19
java.npe.TrackFields:40,src/main/java/java/npe/TrackFields.java:40
java.npe.TrackFields:26,src/main/java/java/npe/TrackFields.java:26
java.npe.TrackFields:39,src/main/java/java/npe/TrackFields.java:39
java.npe.UninitializedRead:16,src/main/java/java/npe/UninitializedRead.java:16
java.npe.UninitializedRead:14,src/main/java/java/npe/UninitializedRead.java:14
java.npe.UseCheckUse:11,src/main/java/java/npe/UseCheckUse.java:11
